﻿"Statistic Label","Quarter","Item","UNIT","VALUE"
"General Government Gross and Net Debt ESA2010","2000Q1","General Government Gross Debt (EDP face value) - ESA2010 Code (GGDebt)","Euro Million","43622"
"General Government Gross and Net Debt ESA2010","2000Q1","General Government Net Debt - ESA2010 Code (GGNetDebt)","Euro Million","30644"
"General Government Gross and Net Debt ESA2010","2000Q2","General Government Gross Debt (EDP face value) - ESA2010 Code (GGDebt)","Euro Million","43294"
"General Government Gross and Net Debt ESA2010","2000Q2","General Government Net Debt - ESA2010 Code (GGNetDebt)","Euro Million","27129"
"General Government Gross and Net Debt ESA2010","2000Q3","General Government Gross Debt (EDP face value) - ESA2010 Code (GGDebt)","Euro Million","41333"
"General Government Gross and Net Debt ESA2010","2000Q3","General Government Net Debt - ESA2010 Code (GGNetDebt)","Euro Million","25786"
"General Government Gross and Net Debt ESA2010","2000Q4","General Government Gross Debt (EDP face value) - ESA2010 Code (GGDebt)","Euro Million","39494"
"General Government Gross and Net Debt ESA2010","2000Q4","General Government Net Debt - ESA2010 Code (GGNetDebt)","Euro Million","26892"
"General Government Gross and Net Debt ESA2010","2001Q1","General Government Gross Debt (EDP face value) - ESA2010 Code (GGDebt)","Euro Million","38643"
"General Government Gross and Net Debt ESA2010","2001Q1","General Government Net Debt - ESA2010 Code (GGNetDebt)","Euro Million","25446"
"General Government Gross and Net Debt ESA2010","2001Q2","General Government Gross Debt (EDP face value) - ESA2010 Code (GGDebt)","Euro Million","38060"
"General Government Gross and Net Debt ESA2010","2001Q2","General Government Net Debt - ESA2010 Code (GGNetDebt)","Euro Million","23304"
"General Government Gross and Net Debt ESA2010","2001Q3","General Government Gross Debt (EDP face value) - ESA2010 Code (GGDebt)","Euro Million","39285"
"General Government Gross and Net Debt ESA2010","2001Q3","General Government Net Debt - ESA2010 Code (GGNetDebt)","Euro Million","24428"
"General Government Gross and Net Debt ESA2010","2001Q4","General Government Gross Debt (EDP face value) - ESA2010 Code (GGDebt)","Euro Million","40969"
"General Government Gross and Net Debt ESA2010","2001Q4","General Government Net Debt - ESA2010 Code (GGNetDebt)","Euro Million","25694"
"General Government Gross and Net Debt ESA2010","2002Q1","General Government Gross Debt (EDP face value) - ESA2010 Code (GGDebt)","Euro Million","40935"
"General Government Gross and Net Debt ESA2010","2002Q1","General Government Net Debt - ESA2010 Code (GGNetDebt)","Euro Million","27655"
"General Government Gross and Net Debt ESA2010","2002Q2","General Government Gross Debt (EDP face value) - ESA2010 Code (GGDebt)","Euro Million","41858"
"General Government Gross and Net Debt ESA2010","2002Q2","General Government Net Debt - ESA2010 Code (GGNetDebt)","Euro Million","30028"
"General Government Gross and Net Debt ESA2010","2002Q3","General Government Gross Debt (EDP face value) - ESA2010 Code (GGDebt)","Euro Million","42854"
"General Government Gross and Net Debt ESA2010","2002Q3","General Government Net Debt - ESA2010 Code (GGNetDebt)","Euro Million","30251"
"General Government Gross and Net Debt ESA2010","2002Q4","General Government Gross Debt (EDP face value) - ESA2010 Code (GGDebt)","Euro Million","41987"
"General Government Gross and Net Debt ESA2010","2002Q4","General Government Net Debt - ESA2010 Code (GGNetDebt)","Euro Million","31043"
"General Government Gross and Net Debt ESA2010","2003Q1","General Government Gross Debt (EDP face value) - ESA2010 Code (GGDebt)","Euro Million","42189"
"General Government Gross and Net Debt ESA2010","2003Q1","General Government Net Debt - ESA2010 Code (GGNetDebt)","Euro Million","31087"
"General Government Gross and Net Debt ESA2010","2003Q2","General Government Gross Debt (EDP face value) - ESA2010 Code (GGDebt)","Euro Million","44144"
"General Government Gross and Net Debt ESA2010","2003Q2","General Government Net Debt - ESA2010 Code (GGNetDebt)","Euro Million","31390"
"General Government Gross and Net Debt ESA2010","2003Q3","General Government Gross Debt (EDP face value) - ESA2010 Code (GGDebt)","Euro Million","44319"
"General Government Gross and Net Debt ESA2010","2003Q3","General Government Net Debt - ESA2010 Code (GGNetDebt)","Euro Million","32355"
"General Government Gross and Net Debt ESA2010","2003Q4","General Government Gross Debt (EDP face value) - ESA2010 Code (GGDebt)","Euro Million","43409"
"General Government Gross and Net Debt ESA2010","2003Q4","General Government Net Debt - ESA2010 Code (GGNetDebt)","Euro Million","32304"
"General Government Gross and Net Debt ESA2010","2004Q1","General Government Gross Debt (EDP face value) - ESA2010 Code (GGDebt)","Euro Million","44986"
"General Government Gross and Net Debt ESA2010","2004Q1","General Government Net Debt - ESA2010 Code (GGNetDebt)","Euro Million","32217"
"General Government Gross and Net Debt ESA2010","2004Q2","General Government Gross Debt (EDP face value) - ESA2010 Code (GGDebt)","Euro Million","46928"
"General Government Gross and Net Debt ESA2010","2004Q2","General Government Net Debt - ESA2010 Code (GGNetDebt)","Euro Million","31940"
"General Government Gross and Net Debt ESA2010","2004Q3","General Government Gross Debt (EDP face value) - ESA2010 Code (GGDebt)","Euro Million","45959"
"General Government Gross and Net Debt ESA2010","2004Q3","General Government Net Debt - ESA2010 Code (GGNetDebt)","Euro Million","31796"
"General Government Gross and Net Debt ESA2010","2004Q4","General Government Gross Debt (EDP face value) - ESA2010 Code (GGDebt)","Euro Million","43889"
"General Government Gross and Net Debt ESA2010","2004Q4","General Government Net Debt - ESA2010 Code (GGNetDebt)","Euro Million","31152"
"General Government Gross and Net Debt ESA2010","2005Q1","General Government Gross Debt (EDP face value) - ESA2010 Code (GGDebt)","Euro Million","45044"
"General Government Gross and Net Debt ESA2010","2005Q1","General Government Net Debt - ESA2010 Code (GGNetDebt)","Euro Million","29508"
"General Government Gross and Net Debt ESA2010","2005Q2","General Government Gross Debt (EDP face value) - ESA2010 Code (GGDebt)","Euro Million","46351"
"General Government Gross and Net Debt ESA2010","2005Q2","General Government Net Debt - ESA2010 Code (GGNetDebt)","Euro Million","30249"
"General Government Gross and Net Debt ESA2010","2005Q3","General Government Gross Debt (EDP face value) - ESA2010 Code (GGDebt)","Euro Million","46168"
"General Government Gross and Net Debt ESA2010","2005Q3","General Government Net Debt - ESA2010 Code (GGNetDebt)","Euro Million","29867"
"General Government Gross and Net Debt ESA2010","2005Q4","General Government Gross Debt (EDP face value) - ESA2010 Code (GGDebt)","Euro Million","44371"
"General Government Gross and Net Debt ESA2010","2005Q4","General Government Net Debt - ESA2010 Code (GGNetDebt)","Euro Million","30209"
"General Government Gross and Net Debt ESA2010","2006Q1","General Government Gross Debt (EDP face value) - ESA2010 Code (GGDebt)","Euro Million","46395"
"General Government Gross and Net Debt ESA2010","2006Q1","General Government Net Debt - ESA2010 Code (GGNetDebt)","Euro Million","27247"
"General Government Gross and Net Debt ESA2010","2006Q2","General Government Gross Debt (EDP face value) - ESA2010 Code (GGDebt)","Euro Million","46582"
"General Government Gross and Net Debt ESA2010","2006Q2","General Government Net Debt - ESA2010 Code (GGNetDebt)","Euro Million","29258"
"General Government Gross and Net Debt ESA2010","2006Q3","General Government Gross Debt (EDP face value) - ESA2010 Code (GGDebt)","Euro Million","45518"
"General Government Gross and Net Debt ESA2010","2006Q3","General Government Net Debt - ESA2010 Code (GGNetDebt)","Euro Million","28765"
"General Government Gross and Net Debt ESA2010","2006Q4","General Government Gross Debt (EDP face value) - ESA2010 Code (GGDebt)","Euro Million","43724"
"General Government Gross and Net Debt ESA2010","2006Q4","General Government Net Debt - ESA2010 Code (GGNetDebt)","Euro Million","26973"
"General Government Gross and Net Debt ESA2010","2007Q1","General Government Gross Debt (EDP face value) - ESA2010 Code (GGDebt)","Euro Million","45151"
"General Government Gross and Net Debt ESA2010","2007Q1","General Government Net Debt - ESA2010 Code (GGNetDebt)","Euro Million","25010"
"General Government Gross and Net Debt ESA2010","2007Q2","General Government Gross Debt (EDP face value) - ESA2010 Code (GGDebt)","Euro Million","45564"
"General Government Gross and Net Debt ESA2010","2007Q2","General Government Net Debt - ESA2010 Code (GGNetDebt)","Euro Million","28244"
"General Government Gross and Net Debt ESA2010","2007Q3","General Government Gross Debt (EDP face value) - ESA2010 Code (GGDebt)","Euro Million","53512"
"General Government Gross and Net Debt ESA2010","2007Q3","General Government Net Debt - ESA2010 Code (GGNetDebt)","Euro Million","28600"
"General Government Gross and Net Debt ESA2010","2007Q4","General Government Gross Debt (EDP face value) - ESA2010 Code (GGDebt)","Euro Million","47183"
"General Government Gross and Net Debt ESA2010","2007Q4","General Government Net Debt - ESA2010 Code (GGNetDebt)","Euro Million","28731"
"General Government Gross and Net Debt ESA2010","2008Q1","General Government Gross Debt (EDP face value) - ESA2010 Code (GGDebt)","Euro Million","51599"
"General Government Gross and Net Debt ESA2010","2008Q1","General Government Net Debt - ESA2010 Code (GGNetDebt)","Euro Million","28707"
"General Government Gross and Net Debt ESA2010","2008Q2","General Government Gross Debt (EDP face value) - ESA2010 Code (GGDebt)","Euro Million","60016"
"General Government Gross and Net Debt ESA2010","2008Q2","General Government Net Debt - ESA2010 Code (GGNetDebt)","Euro Million","34142"
"General Government Gross and Net Debt ESA2010","2008Q3","General Government Gross Debt (EDP face value) - ESA2010 Code (GGDebt)","Euro Million","71275"
"General Government Gross and Net Debt ESA2010","2008Q3","General Government Net Debt - ESA2010 Code (GGNetDebt)","Euro Million","38338"
"General Government Gross and Net Debt ESA2010","2008Q4","General Government Gross Debt (EDP face value) - ESA2010 Code (GGDebt)","Euro Million","79621"
"General Government Gross and Net Debt ESA2010","2008Q4","General Government Net Debt - ESA2010 Code (GGNetDebt)","Euro Million","43082"
"General Government Gross and Net Debt ESA2010","2009Q1","General Government Gross Debt (EDP face value) - ESA2010 Code (GGDebt)","Euro Million","89533"
"General Government Gross and Net Debt ESA2010","2009Q1","General Government Net Debt - ESA2010 Code (GGNetDebt)","Euro Million","46795"
"General Government Gross and Net Debt ESA2010","2009Q2","General Government Gross Debt (EDP face value) - ESA2010 Code (GGDebt)","Euro Million","101268"
"General Government Gross and Net Debt ESA2010","2009Q2","General Government Net Debt - ESA2010 Code (GGNetDebt)","Euro Million","55247"
"General Government Gross and Net Debt ESA2010","2009Q3","General Government Gross Debt (EDP face value) - ESA2010 Code (GGDebt)","Euro Million","103099"
"General Government Gross and Net Debt ESA2010","2009Q3","General Government Net Debt - ESA2010 Code (GGNetDebt)","Euro Million","59397"
"General Government Gross and Net Debt ESA2010","2009Q4","General Government Gross Debt (EDP face value) - ESA2010 Code (GGDebt)","Euro Million","104685"
"General Government Gross and Net Debt ESA2010","2009Q4","General Government Net Debt - ESA2010 Code (GGNetDebt)","Euro Million","63008"
"General Government Gross and Net Debt ESA2010","2010Q1","General Government Gross Debt (EDP face value) - ESA2010 Code (GGDebt)","Euro Million","124302"
"General Government Gross and Net Debt ESA2010","2010Q1","General Government Net Debt - ESA2010 Code (GGNetDebt)","Euro Million","77728"
"General Government Gross and Net Debt ESA2010","2010Q2","General Government Gross Debt (EDP face value) - ESA2010 Code (GGDebt)","Euro Million","123716"
"General Government Gross and Net Debt ESA2010","2010Q2","General Government Net Debt - ESA2010 Code (GGNetDebt)","Euro Million","86483"
"General Government Gross and Net Debt ESA2010","2010Q3","General Government Gross Debt (EDP face value) - ESA2010 Code (GGDebt)","Euro Million","139239"
"General Government Gross and Net Debt ESA2010","2010Q3","General Government Net Debt - ESA2010 Code (GGNetDebt)","Euro Million","99356"
"General Government Gross and Net Debt ESA2010","2010Q4","General Government Gross Debt (EDP face value) - ESA2010 Code (GGDebt)","Euro Million","144230"
"General Government Gross and Net Debt ESA2010","2010Q4","General Government Net Debt - ESA2010 Code (GGNetDebt)","Euro Million","111448"
"General Government Gross and Net Debt ESA2010","2011Q1","General Government Gross Debt (EDP face value) - ESA2010 Code (GGDebt)","Euro Million","155835"
"General Government Gross and Net Debt ESA2010","2011Q1","General Government Net Debt - ESA2010 Code (GGNetDebt)","Euro Million","113558"
"General Government Gross and Net Debt ESA2010","2011Q2","General Government Gross Debt (EDP face value) - ESA2010 Code (GGDebt)","Euro Million","158671"
"General Government Gross and Net Debt ESA2010","2011Q2","General Government Net Debt - ESA2010 Code (GGNetDebt)","Euro Million","118035"
"General Government Gross and Net Debt ESA2010","2011Q3","General Government Gross Debt (EDP face value) - ESA2010 Code (GGDebt)","Euro Million","187894"
"General Government Gross and Net Debt ESA2010","2011Q3","General Government Net Debt - ESA2010 Code (GGNetDebt)","Euro Million","130429"
"General Government Gross and Net Debt ESA2010","2011Q4","General Government Gross Debt (EDP face value) - ESA2010 Code (GGDebt)","Euro Million","189727"
"General Government Gross and Net Debt ESA2010","2011Q4","General Government Net Debt - ESA2010 Code (GGNetDebt)","Euro Million","135686"
"General Government Gross and Net Debt ESA2010","2012Q1","General Government Gross Debt (EDP face value) - ESA2010 Code (GGDebt)","Euro Million","194274"
"General Government Gross and Net Debt ESA2010","2012Q1","General Government Net Debt - ESA2010 Code (GGNetDebt)","Euro Million","139681"
"General Government Gross and Net Debt ESA2010","2012Q2","General Government Gross Debt (EDP face value) - ESA2010 Code (GGDebt)","Euro Million","199756"
"General Government Gross and Net Debt ESA2010","2012Q2","General Government Net Debt - ESA2010 Code (GGNetDebt)","Euro Million","146093"
"General Government Gross and Net Debt ESA2010","2012Q3","General Government Gross Debt (EDP face value) - ESA2010 Code (GGDebt)","Euro Million","210431"
"General Government Gross and Net Debt ESA2010","2012Q3","General Government Net Debt - ESA2010 Code (GGNetDebt)","Euro Million","147872"
"General Government Gross and Net Debt ESA2010","2012Q4","General Government Gross Debt (EDP face value) - ESA2010 Code (GGDebt)","Euro Million","210026"
"General Government Gross and Net Debt ESA2010","2012Q4","General Government Net Debt - ESA2010 Code (GGNetDebt)","Euro Million","152294"
"General Government Gross and Net Debt ESA2010","2013Q1","General Government Gross Debt (EDP face value) - ESA2010 Code (GGDebt)","Euro Million","218269"
"General Government Gross and Net Debt ESA2010","2013Q1","General Government Net Debt - ESA2010 Code (GGNetDebt)","Euro Million","155328"
"General Government Gross and Net Debt ESA2010","2013Q2","General Government Gross Debt (EDP face value) - ESA2010 Code (GGDebt)","Euro Million","218381"
"General Government Gross and Net Debt ESA2010","2013Q2","General Government Net Debt - ESA2010 Code (GGNetDebt)","Euro Million","158464"
"General Government Gross and Net Debt ESA2010","2013Q3","General Government Gross Debt (EDP face value) - ESA2010 Code (GGDebt)","Euro Million","218447"
"General Government Gross and Net Debt ESA2010","2013Q3","General Government Net Debt - ESA2010 Code (GGNetDebt)","Euro Million","158718"
"General Government Gross and Net Debt ESA2010","2013Q4","General Government Gross Debt (EDP face value) - ESA2010 Code (GGDebt)","Euro Million","215242"
"General Government Gross and Net Debt ESA2010","2013Q4","General Government Net Debt - ESA2010 Code (GGNetDebt)","Euro Million","161554"
"General Government Gross and Net Debt ESA2010","2014Q1","General Government Gross Debt (EDP face value) - ESA2010 Code (GGDebt)","Euro Million","215002"
"General Government Gross and Net Debt ESA2010","2014Q1","General Government Net Debt - ESA2010 Code (GGNetDebt)","Euro Million","161917"
"General Government Gross and Net Debt ESA2010","2014Q2","General Government Gross Debt (EDP face value) - ESA2010 Code (GGDebt)","Euro Million","209465"
"General Government Gross and Net Debt ESA2010","2014Q2","General Government Net Debt - ESA2010 Code (GGNetDebt)","Euro Million","164041"
"General Government Gross and Net Debt ESA2010","2014Q3","General Government Gross Debt (EDP face value) - ESA2010 Code (GGDebt)","Euro Million","208227"
"General Government Gross and Net Debt ESA2010","2014Q3","General Government Net Debt - ESA2010 Code (GGNetDebt)","Euro Million","165332"
"General Government Gross and Net Debt ESA2010","2014Q4","General Government Gross Debt (EDP face value) - ESA2010 Code (GGDebt)","Euro Million","203382"
"General Government Gross and Net Debt ESA2010","2014Q4","General Government Net Debt - ESA2010 Code (GGNetDebt)","Euro Million","167374"
"General Government Gross and Net Debt ESA2010","2015Q1","General Government Gross Debt (EDP face value) - ESA2010 Code (GGDebt)","Euro Million","203586"
"General Government Gross and Net Debt ESA2010","2015Q1","General Government Net Debt - ESA2010 Code (GGNetDebt)","Euro Million","168031"
"General Government Gross and Net Debt ESA2010","2015Q2","General Government Gross Debt (EDP face value) - ESA2010 Code (GGDebt)","Euro Million","204106"
"General Government Gross and Net Debt ESA2010","2015Q2","General Government Net Debt - ESA2010 Code (GGNetDebt)","Euro Million","166698"
"General Government Gross and Net Debt ESA2010","2015Q3","General Government Gross Debt (EDP face value) - ESA2010 Code (GGDebt)","Euro Million","203572"
"General Government Gross and Net Debt ESA2010","2015Q3","General Government Net Debt - ESA2010 Code (GGNetDebt)","Euro Million","165984"
"General Government Gross and Net Debt ESA2010","2015Q4","General Government Gross Debt (EDP face value) - ESA2010 Code (GGDebt)","Euro Million","201674"
"General Government Gross and Net Debt ESA2010","2015Q4","General Government Net Debt - ESA2010 Code (GGNetDebt)","Euro Million","172775"
"General Government Gross and Net Debt ESA2010","2016Q1","General Government Gross Debt (EDP face value) - ESA2010 Code (GGDebt)","Euro Million","207210"
"General Government Gross and Net Debt ESA2010","2016Q1","General Government Net Debt - ESA2010 Code (GGNetDebt)","Euro Million","174445"
"General Government Gross and Net Debt ESA2010","2016Q2","General Government Gross Debt (EDP face value) - ESA2010 Code (GGDebt)","Euro Million","200400"
"General Government Gross and Net Debt ESA2010","2016Q2","General Government Net Debt - ESA2010 Code (GGNetDebt)","Euro Million","173786"
"General Government Gross and Net Debt ESA2010","2016Q3","General Government Gross Debt (EDP face value) - ESA2010 Code (GGDebt)","Euro Million","202460"
"General Government Gross and Net Debt ESA2010","2016Q3","General Government Net Debt - ESA2010 Code (GGNetDebt)","Euro Million","174797"
"General Government Gross and Net Debt ESA2010","2016Q4","General Government Gross Debt (EDP face value) - ESA2010 Code (GGDebt)","Euro Million","200635"
"General Government Gross and Net Debt ESA2010","2016Q4","General Government Net Debt - ESA2010 Code (GGNetDebt)","Euro Million","176635"
"General Government Gross and Net Debt ESA2010","2017Q1","General Government Gross Debt (EDP face value) - ESA2010 Code (GGDebt)","Euro Million","208607"
"General Government Gross and Net Debt ESA2010","2017Q1","General Government Net Debt - ESA2010 Code (GGNetDebt)","Euro Million","177067"
"General Government Gross and Net Debt ESA2010","2017Q2","General Government Gross Debt (EDP face value) - ESA2010 Code (GGDebt)","Euro Million","211245"
"General Government Gross and Net Debt ESA2010","2017Q2","General Government Net Debt - ESA2010 Code (GGNetDebt)","Euro Million","172765"
"General Government Gross and Net Debt ESA2010","2017Q3","General Government Gross Debt (EDP face value) - ESA2010 Code (GGDebt)","Euro Million","210917"
"General Government Gross and Net Debt ESA2010","2017Q3","General Government Net Debt - ESA2010 Code (GGNetDebt)","Euro Million","173317"
"General Government Gross and Net Debt ESA2010","2017Q4","General Government Gross Debt (EDP face value) - ESA2010 Code (GGDebt)","Euro Million","201267"
"General Government Gross and Net Debt ESA2010","2017Q4","General Government Net Debt - ESA2010 Code (GGNetDebt)","Euro Million","175119"
"General Government Gross and Net Debt ESA2010","2018Q1","General Government Gross Debt (EDP face value) - ESA2010 Code (GGDebt)","Euro Million","210218"
"General Government Gross and Net Debt ESA2010","2018Q1","General Government Net Debt - ESA2010 Code (GGNetDebt)","Euro Million","177022"
"General Government Gross and Net Debt ESA2010","2018Q2","General Government Gross Debt (EDP face value) - ESA2010 Code (GGDebt)","Euro Million","214493"
"General Government Gross and Net Debt ESA2010","2018Q2","General Government Net Debt - ESA2010 Code (GGNetDebt)","Euro Million","176371"
"General Government Gross and Net Debt ESA2010","2018Q3","General Government Gross Debt (EDP face value) - ESA2010 Code (GGDebt)","Euro Million","215674"
"General Government Gross and Net Debt ESA2010","2018Q3","General Government Net Debt - ESA2010 Code (GGNetDebt)","Euro Million","177194"
"General Government Gross and Net Debt ESA2010","2018Q4","General Government Gross Debt (EDP face value) - ESA2010 Code (GGDebt)","Euro Million","205848"
"General Government Gross and Net Debt ESA2010","2018Q4","General Government Net Debt - ESA2010 Code (GGNetDebt)","Euro Million","177028"
"General Government Gross and Net Debt ESA2010","2019Q1","General Government Gross Debt (EDP face value) - ESA2010 Code (GGDebt)","Euro Million","215003"
"General Government Gross and Net Debt ESA2010","2019Q1","General Government Net Debt - ESA2010 Code (GGNetDebt)","Euro Million","178539"
"General Government Gross and Net Debt ESA2010","2019Q2","General Government Gross Debt (EDP face value) - ESA2010 Code (GGDebt)","Euro Million","213752"
"General Government Gross and Net Debt ESA2010","2019Q2","General Government Net Debt - ESA2010 Code (GGNetDebt)","Euro Million","175439"
"General Government Gross and Net Debt ESA2010","2019Q3","General Government Gross Debt (EDP face value) - ESA2010 Code (GGDebt)","Euro Million","213031"
"General Government Gross and Net Debt ESA2010","2019Q3","General Government Net Debt - ESA2010 Code (GGNetDebt)","Euro Million","175289"
"General Government Gross and Net Debt ESA2010","2019Q4","General Government Gross Debt (EDP face value) - ESA2010 Code (GGDebt)","Euro Million","203383"
"General Government Gross and Net Debt ESA2010","2019Q4","General Government Net Debt - ESA2010 Code (GGNetDebt)","Euro Million","174313"
"General Government Gross and Net Debt ESA2010","2020Q1","General Government Gross Debt (EDP face value) - ESA2010 Code (GGDebt)","Euro Million","213600"
"General Government Gross and Net Debt ESA2010","2020Q1","General Government Net Debt - ESA2010 Code (GGNetDebt)","Euro Million","178066"
"General Government Gross and Net Debt ESA2010","2020Q2","General Government Gross Debt (EDP face value) - ESA2010 Code (GGDebt)","Euro Million","225721"
"General Government Gross and Net Debt ESA2010","2020Q2","General Government Net Debt - ESA2010 Code (GGNetDebt)","Euro Million","178283"
"General Government Gross and Net Debt ESA2010","2020Q3","General Government Gross Debt (EDP face value) - ESA2010 Code (GGDebt)","Euro Million","227128"
"General Government Gross and Net Debt ESA2010","2020Q3","General Government Net Debt - ESA2010 Code (GGNetDebt)","Euro Million","183023"
"General Government Gross and Net Debt ESA2010","2020Q4","General Government Gross Debt (EDP face value) - ESA2010 Code (GGDebt)","Euro Million","217885"
"General Government Gross and Net Debt ESA2010","2020Q4","General Government Net Debt - ESA2010 Code (GGNetDebt)","Euro Million","186038"
"General Government Gross and Net Debt ESA2010","2021Q1","General Government Gross Debt (EDP face value) - ESA2010 Code (GGDebt)","Euro Million","230446"
"General Government Gross and Net Debt ESA2010","2021Q1","General Government Net Debt - ESA2010 Code (GGNetDebt)","Euro Million","191823"
"General Government Gross and Net Debt ESA2010","2021Q2","General Government Gross Debt (EDP face value) - ESA2010 Code (GGDebt)","Euro Million","234562"
"General Government Gross and Net Debt ESA2010","2021Q2","General Government Net Debt - ESA2010 Code (GGNetDebt)","Euro Million","193948"
"General Government Gross and Net Debt ESA2010","2021Q3","General Government Gross Debt (EDP face value) - ESA2010 Code (GGDebt)","Euro Million","236374"
"General Government Gross and Net Debt ESA2010","2021Q3","General Government Net Debt - ESA2010 Code (GGNetDebt)","Euro Million","194347"
"General Government Gross and Net Debt ESA2010","2021Q4","General Government Gross Debt (EDP face value) - ESA2010 Code (GGDebt)","Euro Million","236117"
"General Government Gross and Net Debt ESA2010","2021Q4","General Government Net Debt - ESA2010 Code (GGNetDebt)","Euro Million","192788"
"General Government Gross and Net Debt ESA2010","2022Q1","General Government Gross Debt (EDP face value) - ESA2010 Code (GGDebt)","Euro Million","235281"
"General Government Gross and Net Debt ESA2010","2022Q1","General Government Net Debt - ESA2010 Code (GGNetDebt)","Euro Million","194105"
"General Government Gross and Net Debt ESA2010","2022Q2","General Government Gross Debt (EDP face value) - ESA2010 Code (GGDebt)","Euro Million","236742"
"General Government Gross and Net Debt ESA2010","2022Q2","General Government Net Debt - ESA2010 Code (GGNetDebt)","Euro Million","189952"
"General Government Gross and Net Debt ESA2010","2022Q3","General Government Gross Debt (EDP face value) - ESA2010 Code (GGDebt)","Euro Million","236292"
"General Government Gross and Net Debt ESA2010","2022Q3","General Government Net Debt - ESA2010 Code (GGNetDebt)","Euro Million","187033"
"General Government Gross and Net Debt ESA2010","2022Q4","General Government Gross Debt (EDP face value) - ESA2010 Code (GGDebt)","Euro Million","224755"
"General Government Gross and Net Debt ESA2010","2022Q4","General Government Net Debt - ESA2010 Code (GGNetDebt)","Euro Million","185391"
